Twenty Twenty-Two,https://wordpress.org/themes/twentytwentytwo/
Twenty Twenty-One,https://wordpress.org/themes/twentytwentyone/
Astra,https://wordpress.org/themes/astra/
Hello Elementor,https://wordpress.org/themes/hello-elementor/
Twenty Twenty,https://wordpress.org/themes/twentytwenty/
Twenty Seventeen,https://wordpress.org/themes/twentyseventeen/
OceanWP,https://wordpress.org/themes/oceanwp/
Twenty Nineteen,https://wordpress.org/themes/twentynineteen/
Neve,https://wordpress.org/themes/neve/
PopularFX,https://wordpress.org/themes/popularfx/
Kadence,https://wordpress.org/themes/kadence/
GeneratePress,https://wordpress.org/themes/generatepress/
